id	title	description	link	image_link	availability	price	sale_price	brand	condition	identifier_exists	google_product_category	item_group_id	product_type
sd30	Yến sợi dài loại 1 — 30G + hộp túi (3 tổ) | The Nest House	Yến sợi dài loại 1 — 30G + hộp túi (3 tổ). Tổ yến tinh chế sợi dài loại 1 Nha Trang: 10–11 tổ/100g tự đếm được, 50% sợi chuẩn công bố, kèm hộp quà + nguyên liệu chưng. Đền 10 lần nếu sai mô tả.	https://thenesthouse.com.vn/yen-sao/tinh-che/soi-dai/?qc=sd30	https://thenesthouse.com.vn/assets/30G-yen-tinh-che-hop-xanh.jpg	in_stock	1200000 VND	900000 VND	The Nest House	new	no	422	soi-dai	Yến sào > Yến sào khô
sd50	Yến sợi dài loại 1 — 50G + hộp túi (5 tổ) | The Nest House	Yến sợi dài loại 1 — 50G + hộp túi (5 tổ). Tổ yến tinh chế sợi dài loại 1 Nha Trang: 10–11 tổ/100g tự đếm được, 50% sợi chuẩn công bố, kèm hộp quà + nguyên liệu chưng. Đền 10 lần nếu sai mô tả.	https://thenesthouse.com.vn/yen-sao/tinh-che/soi-dai/?qc=sd50	https://thenesthouse.com.vn/assets/50G-soi-dai.jpg	in_stock	1800000 VND	1450000 VND	The Nest House	new	no	422	soi-dai	Yến sào > Yến sào khô
sd100	Yến sợi dài loại 1 — 100G + hộp túi (10–11 tổ) | The Nest House	Yến sợi dài loại 1 — 100G + hộp túi (10–11 tổ). Tổ yến tinh chế sợi dài loại 1 Nha Trang: 10–11 tổ/100g tự đếm được, 50% sợi chuẩn công bố, kèm hộp quà + nguyên liệu chưng. Đền 10 lần nếu sai mô tả.	https://thenesthouse.com.vn/yen-sao/tinh-che/soi-dai/?qc=sd100	https://thenesthouse.com.vn/assets/100G-soi-dai.jpg	in_stock	3500000 VND	2750000 VND	The Nest House	new	no	422	soi-dai	Yến sào > Yến sào khô
sn30	Yến sợi ngắn — 30G + hộp túi (4 tổ) | The Nest House	Yến sợi ngắn — 30G + hộp túi (4 tổ). Yến tinh chế sợi ngắn Nha Trang: 13–14 tổ/100g tự đếm được, 100% bụng tổ không tẩm độn — dòng dùng đều cho trẻ em, người già. Đền 10 lần nếu sai mô tả.	https://thenesthouse.com.vn/yen-sao/tinh-che/soi-ngan/?qc=sn30	https://thenesthouse.com.vn/assets/30G-yen-tinh-che-hop-xanh.jpg	in_stock	972000 VND	850000 VND	The Nest House	new	no	422	soi-ngan	Yến sào > Yến sào khô
sn50	Yến sợi ngắn — 50G + hộp túi (7 tổ) | The Nest House	Yến sợi ngắn — 50G + hộp túi (7 tổ). Yến tinh chế sợi ngắn Nha Trang: 13–14 tổ/100g tự đếm được, 100% bụng tổ không tẩm độn — dòng dùng đều cho trẻ em, người già. Đền 10 lần nếu sai mô tả.	https://thenesthouse.com.vn/yen-sao/tinh-che/soi-ngan/?qc=sn50	https://thenesthouse.com.vn/assets/50G-soi-ngan.jpg	in_stock	1600000 VND	1250000 VND	The Nest House	new	no	422	soi-ngan	Yến sào > Yến sào khô
sn100	Yến sợi ngắn — 100G + hộp túi (13–14 tổ) | The Nest House	Yến sợi ngắn — 100G + hộp túi (13–14 tổ). Yến tinh chế sợi ngắn Nha Trang: 13–14 tổ/100g tự đếm được, 100% bụng tổ không tẩm độn — dòng dùng đều cho trẻ em, người già. Đền 10 lần nếu sai mô tả.	https://thenesthouse.com.vn/yen-sao/tinh-che/soi-ngan/?qc=sn100	https://thenesthouse.com.vn/assets/100g-yen-tinh-che-soi-ngan.jpg	in_stock	3000000 VND	2400000 VND	The Nest House	new	no	422	soi-ngan	Yến sào > Yến sào khô
rl50	Yến rút lông nguyên tổ — 50G + hộp túi (4 tổ) | The Nest House	Yến rút lông nguyên tổ — 50G + hộp túi (4 tổ). Yến rút lông nguyên tổ chuẩn xuất khẩu: 8–9 tổ/100g, 90% sợi phủ 2 mặt, nhặt lông bằng nhíp giữ nguyên dáng tổ — dòng quà biếu cao cấp nhất của The Nest House.	https://thenesthouse.com.vn/yen-sao/tinh-che/rut-long/?qc=rl50	https://thenesthouse.com.vn/assets/100g-yen-tinh-che-rut-long.jpg	in_stock	2250000 VND	1750000 VND	The Nest House	new	no	422	rut-long	Yến sào > Yến sào khô
rl100	Yến rút lông nguyên tổ — 100G + hộp túi (8–9 tổ) | The Nest House	Yến rút lông nguyên tổ — 100G + hộp túi (8–9 tổ). Yến rút lông nguyên tổ chuẩn xuất khẩu: 8–9 tổ/100g, 90% sợi phủ 2 mặt, nhặt lông bằng nhíp giữ nguyên dáng tổ — dòng quà biếu cao cấp nhất của The Nest House.	https://thenesthouse.com.vn/yen-sao/tinh-che/rut-long/?qc=rl100	https://thenesthouse.com.vn/assets/100g-yen-tinh-che-rut-long.jpg	in_stock	4300000 VND	3400000 VND	The Nest House	new	no	422	rut-long	Yến sào > Yến sào khô
cy50	Chân yến rút lông — 50G + hộp túi | The Nest House	Chân yến rút lông — 50G + hộp túi. Chân yến rút lông làm sạch The Nest House: phần dày nhất của tổ, nở nhiều, giòn sần sật, giá mềm hơn tổ sợi. Có chân cục và chân rìa, hộp 50g và 100g.	https://thenesthouse.com.vn/yen-sao/tinh-che/chan-yen/?qc=cy50	https://thenesthouse.com.vn/assets/chan-yen-rut-long.jpg	in_stock	1800000 VND	1450000 VND	The Nest House	new	no	422	chan-yen	Yến sào > Yến sào khô
cy100	Chân yến rút lông — 100G + hộp túi | The Nest House	Chân yến rút lông — 100G + hộp túi. Chân yến rút lông làm sạch The Nest House: phần dày nhất của tổ, nở nhiều, giòn sần sật, giá mềm hơn tổ sợi. Có chân cục và chân rìa, hộp 50g và 100g.	https://thenesthouse.com.vn/yen-sao/tinh-che/chan-yen/?qc=cy100	https://thenesthouse.com.vn/assets/chan-yen-rut-long.jpg	in_stock	3500000 VND	2850000 VND	The Nest House	new	no	422	chan-yen	Yến sào > Yến sào khô
th50	Yến thô nguyên tổ — 50G | The Nest House	Yến thô nguyên tổ — 50G. Yến thô nguyên tổ Nha Trang chưa nhặt lông: 100g 1.900.000đ, 50g 1.000.000đ đặt trực tiếp. So sánh yến tinh chế, cách sơ chế tại nhà, đền 10 lần nếu sai.	https://thenesthouse.com.vn/yen-sao/yen-tho/?qc=th50	https://thenesthouse.com.vn/assets/yen-tho-nguyen-to.jpg	in_stock	1300000 VND	1000000 VND	The Nest House	new	no	422	yen-tho	Yến sào > Yến sào khô
th100	Yến thô nguyên tổ — 100G | The Nest House	Yến thô nguyên tổ — 100G. Yến thô nguyên tổ Nha Trang chưa nhặt lông: 100g 1.900.000đ, 50g 1.000.000đ đặt trực tiếp. So sánh yến tinh chế, cách sơ chế tại nhà, đền 10 lần nếu sai.	https://thenesthouse.com.vn/yen-sao/yen-tho/?qc=th100	https://thenesthouse.com.vn/assets/yen-tho-nguyen-to.jpg	in_stock	2500000 VND	1900000 VND	The Nest House	new	no	422	yen-tho	Yến sào > Yến sào khô
hk15	Yến chưng 100% Hoàng Kim — set 15 hũ 70ml + hộp túi | The Nest House	Yến chưng 100% Hoàng Kim — set 15 hũ 70ml + hộp túi. Yến chưng nguyên chất 100% Hoàng Kim: đậm sợi yến, chưng tươi theo lô, tem đen–vàng, set 15 hũ + hộp túi 1,2 triệu — bồi bổ thật sự và làm quà biếu sang.	https://thenesthouse.com.vn/yen-sao/yen-chung/yen-chung-100/?qc=hk15	https://thenesthouse.com.vn/assets/yen-chung-hoang-kim-concept-1.jpg	in_stock	1200000 VND	960000 VND	The Nest House	new	no	422	yen-chung-100	Yến sào > Yến chưng sẵn
hk10	Yến chưng 100% Hoàng Kim — 10 hũ 70ml (không hộp) | The Nest House	Yến chưng 100% Hoàng Kim — 10 hũ 70ml (không hộp). Yến chưng nguyên chất 100% Hoàng Kim: đậm sợi yến, chưng tươi theo lô, tem đen–vàng, set 15 hũ + hộp túi 1,2 triệu — bồi bổ thật sự và làm quà biếu sang.	https://thenesthouse.com.vn/yen-sao/yen-chung/yen-chung-100/?qc=hk10	https://thenesthouse.com.vn/assets/yen-chung-hoang-kim-concept-1.jpg	in_stock	600000 VND	480000 VND	The Nest House	new	no	422	yen-chung-100	Yến sào > Yến chưng sẵn
yc6	Yến chưng 30% — set 6 hũ 70ml + hộp túi | The Nest House	Yến chưng 30% — set 6 hũ 70ml + hộp túi. Yến chưng 30% sợi yến thật chưng tươi theo lô — không phải nước yến pha loãng. 6 vị cho cả nhà, hũ lẻ 35k, set 6–40 hũ. Giao chống sốc, HSD in trên nắp.	https://thenesthouse.com.vn/yen-sao/yen-chung/yen-chung-30/?qc=yc6	https://thenesthouse.com.vn/assets/yen-chung-6-hu-concept-1.jpg	in_stock	250000 VND	200000 VND	The Nest House	new	no	422	yen-chung-30	Yến sào > Yến chưng sẵn
yc10	Yến chưng 30% — 10 hũ 70ml (không hộp) | The Nest House	Yến chưng 30% — 10 hũ 70ml (không hộp). Yến chưng 30% sợi yến thật chưng tươi theo lô — không phải nước yến pha loãng. 6 vị cho cả nhà, hũ lẻ 35k, set 6–40 hũ. Giao chống sốc, HSD in trên nắp.	https://thenesthouse.com.vn/yen-sao/yen-chung/yen-chung-30/?qc=yc10	https://thenesthouse.com.vn/assets/yen-chung-6-hu-concept-1.jpg	in_stock	350000 VND	250000 VND	The Nest House	new	no	422	yen-chung-30	Yến sào > Yến chưng sẵn
tgn	Set quà Tâm Giao — sợi ngắn (2 tổ) | The Nest House	Set quà Tâm Giao — sợi ngắn (2 tổ). Set quà Tâm Giao The Nest House: 2 tổ yến tinh chế trong hộp quà kèm thiệp cảm ơn. Sợi ngắn 499.000đ, sợi dài 650.000đ đặt trực tiếp. Đền 10 lần nếu sai.	https://thenesthouse.com.vn/yen-sao/set-qua-bieu/tam-giao/?qc=tgn	https://thenesthouse.com.vn/assets/set-tam-giao-concept-1.jpg	in_stock	586000 VND	499000 VND	The Nest House	new	no	422	tam-giao	Yến sào > Set quà biếu
tgd	Set quà Tâm Giao — sợi dài (2 tổ) | The Nest House	Set quà Tâm Giao — sợi dài (2 tổ). Set quà Tâm Giao The Nest House: 2 tổ yến tinh chế trong hộp quà kèm thiệp cảm ơn. Sợi ngắn 499.000đ, sợi dài 650.000đ đặt trực tiếp. Đền 10 lần nếu sai.	https://thenesthouse.com.vn/yen-sao/set-qua-bieu/tam-giao/?qc=tgd	https://thenesthouse.com.vn/assets/set-tam-giao-concept-1.jpg	in_stock	786000 VND	650000 VND	The Nest House	new	no	422	tam-giao	Yến sào > Set quà biếu
tq	Set quà Tứ Quý (4 hộp × 3g) | The Nest House	Set quà Tứ Quý (4 hộp × 3g). Set quà Tứ Quý The Nest House: 4 hộp kim cương, mỗi hộp 3g yến vụn tinh chế chưng vừa 1 lần, kèm túi quà. Giá đặt trực tiếp 399.000đ, niêm yết 486.000đ.	https://thenesthouse.com.vn/yen-sao/set-qua-bieu/tu-quy/?qc=tq	https://thenesthouse.com.vn/assets/set-tu-quy-concept-1.jpg	in_stock	486000 VND	399000 VND	The Nest House	new	no	422	tu-quy	Yến sào > Set quà biếu
sxn	Set Sắc Xuân 30G — sợi ngắn (4 tổ) | The Nest House	Set Sắc Xuân 30G — sợi ngắn (4 tổ). Set Sắc Xuân 30G The Nest House: 30g yến tinh chế trong hộp lót lụa, kèm túi xách và nguyên liệu chưng. Sợi ngắn 850.000đ, sợi dài 900.000đ đặt trực tiếp.	https://thenesthouse.com.vn/yen-sao/set-qua-bieu/sac-xuan-30g/?qc=sxn	https://thenesthouse.com.vn/assets/30G-yen-tinh-che-hop-xanh.jpg	in_stock	972000 VND	850000 VND	The Nest House	new	no	422	sac-xuan-30g	Yến sào > Set quà biếu
sxd	Set Sắc Xuân 30G — sợi dài (3 tổ) | The Nest House	Set Sắc Xuân 30G — sợi dài (3 tổ). Set Sắc Xuân 30G The Nest House: 30g yến tinh chế trong hộp lót lụa, kèm túi xách và nguyên liệu chưng. Sợi ngắn 850.000đ, sợi dài 900.000đ đặt trực tiếp.	https://thenesthouse.com.vn/yen-sao/set-qua-bieu/sac-xuan-30g/?qc=sxd	https://thenesthouse.com.vn/assets/30G-yen-tinh-che-hop-xanh.jpg	in_stock	1200000 VND	900000 VND	The Nest House	new	no	422	sac-xuan-30g	Yến sào > Set quà biếu
h1n	Hộp 1 tổ yến — sợi ngắn (8g) | The Nest House	Hộp 1 tổ yến — sợi ngắn (8g). Hộp 1 tổ yến tinh chế The Nest House: 1 tổ 8–9g trong hộp có ô kính, kèm táo đỏ. Sợi ngắn 200.000đ, sợi dài 280.000đ. Hợp làm quà tặng số lượng nhiều.	https://thenesthouse.com.vn/yen-sao/set-qua-bieu/hop-1-to/?qc=h1n	https://thenesthouse.com.vn/assets/hop-1-to-yen-tinh-che-tao-do.jpg	in_stock	255000 VND	200000 VND	The Nest House	new	no	422	hop-1-to	Yến sào > Set quà biếu
h1d	Hộp 1 tổ yến — sợi dài (9g) | The Nest House	Hộp 1 tổ yến — sợi dài (9g). Hộp 1 tổ yến tinh chế The Nest House: 1 tổ 8–9g trong hộp có ô kính, kèm táo đỏ. Sợi ngắn 200.000đ, sợi dài 280.000đ. Hợp làm quà tặng số lượng nhiều.	https://thenesthouse.com.vn/yen-sao/set-qua-bieu/hop-1-to/?qc=h1d	https://thenesthouse.com.vn/assets/hop-1-to-yen-tinh-che-tao-do.jpg	in_stock	350000 VND	280000 VND	The Nest House	new	no	422	hop-1-to	Yến sào > Set quà biếu
